logistic.server.routeservice.RouteServiceDB;External_Addictor_per_Class
logistic.server.routeservice.RouteServiceConfigurator;External_Addictor_per_Class
logistic.logic.userservice.UserContext;External_Attractor_per_Class
logistic.server.logservice.LogService;godclass2;godclass1;External_Addictor_per_Class
logistic.client.scenarium.validation.ScenariumValidationFrame;External_Addictor_per_Class
logistic.logic.loginservice.EnumConfigurator;External_Attractor_per_Class
logistic.access.userservice.UserServiceInterface;External_Addictor_per_Class
logistic.logic.common.ObjectCache;External_Attractor_per_Class
logistic.logic.logservice.LogInfo;External_Attractor_per_Class
logistic.logic.common.aggregation.ComponentItem;External_Attractor_per_Class
logistic.client.scenarium.ScenariumTreeTable;godclass1
logistic.logic.productservice.ProductSet;godclass2;godclass1
logistic.access.kernel.ServiceEvent;External_Attractor_per_Class
logistic.access.scenariumservice.ScenariumServiceProxy;godclass2;godclass1;External_Addictor_per_Class
logistic.logic.scenariumservice.ScenariumHistory;External_Attractor_per_Class
logistic.server.transactionservice.TransactionService;godclass1;External_Addictor_per_Class
logistic.logic.common.SecureKey;External_Attractor_per_Class
logistic.client.validation.ValidationFrame;godclass1
logistic.logic.localeservice.PointSet;godclass2;godclass1
logistic.server.kernel.db.DBProcedureCall;godclass1
logistic.access.routeservice.RouteServiceProxy;External_Addictor_per_Class
logistic.server.config.ServerConfig;External_Addictor_per_Class
logistic.server.scenariumservice.ScenariumServiceRemoteProxy;godclass2;godclass1;External_Addictor_per_Class
logistic.logic.productservice.SingleProduct;godclass2;godclass1
logistic.client.user.UserControlFrame;godclass1
logistic.client.user.FoldersPermissionsPanel;godclass1
logistic.logic.common.Code;External_Attractor_per_Class
logistic.server.scenariumservice.SaveHistoryCall;External_Addictor_per_Class
logistic.client.scenarium.ScenariumPropertiesPanel;godclass1
logistic.client.desktop.GenericFrame;External_Attractor_per_Class
logistic.client.desktop.BasicDesktop;godclass1
logistic.server.userservice.UserServiceDB;godclass2;godclass1;External_Addictor_per_Class
logistic.logic.loginservice.InvalidLoginException;External_Attractor_per_Class
logistic.access.scenariumservice.ScenariumServiceInterface;External_Addictor_per_Class
logistic.client.scenarium.ScenariumTree;godclass2;godclass1;External_Addictor_per_Class
logistic.server.kernel.RemoteServiceProxy;godclass1
logistic.server.kernel.LogisticServer;godclass2;godclass1
logistic.logic.userservice.User;External_Attractor_per_Class
logistic.client.util.tree.TreeFilter;External_Attractor_per_Class
logistic.client.notification.MessageNotificationSendFrame;External_Addictor_per_Class
logistic.logic.userservice.LogisticPermissions;External_Attractor_per_Class
logistic.logic.loginservice.LoginContext;External_Attractor_per_Class
logistic.server.kernel.Service;External_Addictor_per_Class
logistic.logic.scenariumservice.tree.ScenariumFolderTreeNode;External_Addictor_per_Class
logistic.logic.common.aggregation.ComponentItemType;External_Attractor_per_Class
logistic.client.scenarium.ScenariumTreeModel;godclass2;godclass1;External_Addictor_per_Class
logistic.client.aggregation.ComponentItemSelectionPanel;godclass1
logistic.client.login.Client;godclass2;godclass1;External_Addictor_per_Class
logistic.client.scenarium.ScenariumApproveFrame;godclass1;External_Addictor_per_Class
logistic.access.kernel.ServiceProxyInterface;External_Attractor_per_Class
logistic.access.kernel.ServiceOperationReturn;External_Attractor_per_Class
logistic.client.scenarium.ScenariumRenameFrame;External_Addictor_per_Class
logistic.server.scenariumservice.CommonScenariumServiceDB;godclass2;godclass1;External_Addictor_per_Class
logistic.client.remote.ServiceListenerManager;External_Attractor_per_Class
logistic.access.notificationservice.NotificationServiceProxy;External_Addictor_per_Class
logistic.logic.common.DateUtil;External_Attractor_per_Class
logistic.access.loginservice.LoginServiceInterface;External_Addictor_per_Class
logistic.client.scenarium.PathPanel;External_Addictor_per_Class
logistic.client.scenarium.CommonScenariumFrame;godclass2;godclass1;External_Addictor_per_Class
logistic.client.desktop.MainDesktop;godclass1;External_Addictor_per_Class
logistic.logic.scenariumservice.CommonScenarium;External_Attractor_per_Class
logistic.logic.userservice.LogisticPermission;External_Attractor_per_Class
logistic.server.productservice.ProductServiceConfigurator;External_Addictor_per_Class
logistic.client.util.inputvalidation.ValidationControl;godclass2;godclass1
logistic.server.userservice.UserServiceRemoteProxy;External_Addictor_per_Class
logistic.client.admin.LoginManagementFrame;godclass1
logistic.logic.loginservice.EnumType;External_Attractor_per_Class
logistic.logic.scenariumservice.ScenariumFolder;godclass2;External_Attractor_per_Class
logistic.client.remote.ServerMonitor;godclass2;godclass1
logistic.server.integrityservice.IntegrityServiceDB;godclass1;External_Addictor_per_Class
logistic.client.aggregation.ComponentItemUI;External_Addictor_per_Class
logistic.logic.scenariumservice.ScenariumInfoTree;External_Attractor_per_Class
logistic.server.notificationservice.NotificationService;godclass1;External_Addictor_per_Class
logistic.server.scenariumservice.ScenariumInfoDB;External_Addictor_per_Class
logistic.logic.scenariumservice.tree.ScenariumInfoTreeNode;External_Addictor_per_Class
logistic.server.kernel.db.ServerDBConnection;godclass2;godclass1
logistic.client.aggregation.AggregationTree;External_Addictor_per_Class
logistic.logic.common.CacheManager;External_Attractor_per_Class
logistic.access.userservice.UserServiceProxy;External_Addictor_per_Class
logistic.logic.scenariumservice.ScenariumInfo;godclass2;godclass1;External_Attractor_per_Class
logistic.server.loginservice.LoginService;godclass2;godclass1;External_Addictor_per_Class
logistic.client.action.UserUpdateAction;External_Addictor_per_Class
logistic.server.scenariumservice.CommonScenariumServiceDB.sendAprovalNotification;shotgunsurgery
logistic.client.scenarium.ScenariumTree.ScenariumTree;shotgunsurgery
logistic.client.admin.LoginManagementFrame.checkEnableSendButton;divergentchange
logistic.client.util.table.treetable.FileSystemModel2.resetLastModified;longmethod1
logistic.client.aggregation.AggregationTree.selectSearchNext;shotgunsurgery
logistic.client.aggregation.AggregationTree.configureTree;shotgunsurgery
logistic.client.util.inputvalidation.AbstractComponentDecorator.BackgroundPainter;longmethod1
logistic.logic.common.ExceptionUtil.getContentOfStackTrace;longmethod1;shotgunsurgery
logistic.client.aggregation.ComponentItemSelectionPanel.makeSelectedPanel;longmethod1;shotgunsurgery;divergentchange
logistic.server.routeservice.RouteServiceDB.createRoute;longmethod1;shotgunsurgery
logistic.server.scenariumservice.ScenariumInfoDB.readSQL;longmethod1;shotgunsurgery;External_Addictor_per_Method
logistic.client.util.UnitPanel.UnitPanel;longmethod1;divergentchange
logistic.client.util.inputvalidation.ValidationControl.getTargetComponent;longmethod1
logistic.client.util.error.ExceptionDialog.children;longmethod1
logistic.client.scenarium.ScenariumApproveFrame.usedScenaName;longmethod1;shotgunsurgery
logistic.client.user.UserFormFrame.UserFormFrame;shotgunsurgery;divergentchange
logistic.client.admin.LoginManagementFrame.LoginManagementFrame;shotgunsurgery
logistic.server.transactionservice.TransactionManager.getInstance;divergentchange
logistic.logic.userservice.LogisticPermissions.implies;divergentchange
logistic.logic.validation.Validator.shouldThreadWait;longmethod1
logistic.server.userservice.UserServiceDB.getPermissionsToSave;shotgunsurgery
logistic.client.admin.LoginManagementFrame.notificationSent;shotgunsurgery
logistic.logic.localeservice.PointSet.copyFrom;shotgunsurgery;divergentchange
logistic.client.util.table.TableSorter.sort;longmethod1;shotgunsurgery;divergentchange
logistic.client.aggregation.ComponentItemSelectionPanel.getElements;longmethod1
logistic.client.util.inputvalidation.ValidationControl.invoke;longmethod1
logistic.client.util.table.treetable.FileSystemModel2.nodeChanged;longmethod1
logistic.server.kernel.db.DBProcedureCall.getInParameterIndex;divergentchange
logistic.client.scenarium.CommonScenariumFrame.isScenaEditable;shotgunsurgery
logistic.logic.scenariumservice.tree.ScenariumInfoTreeNode.getProperties;longmethod1;shotgunsurgery;divergentchange;External_Addictor_per_Method
logistic.client.user.UserFormFrame.fillForm;divergentchange
logistic.client.remote.ServerMonitor.getLoginContext;divergentchange
logistic.logic.localeservice.PointSet.associateCachedSinglePoints;longmethod1;shotgunsurgery
logistic.server.kernel.ServerAccessController.getInstance;longmethod1;shotgunsurgery;divergentchange
logistic.client.aggregation.AggregationTreeComboBox.updatePopup;longmethod1
logistic.server.integrityservice.IntegrityServiceDB.getResult;longmethod1
logistic.server.logservice.LogService.removeTemporaryHandler;longmethod1
logistic.client.util.table.MultiLineRenderer.getTableCellRendererComponent;longmethod1;shotgunsurgery
logistic.logic.routeservice.RouteInfo.getProductId;longmethod1
logistic.client.aggregation.AggregationTreeComboBox.mouseDragged;longmethod1
logistic.logic.productservice.ProductSet.getProducts;longmethod1;shotgunsurgery
logistic.client.util.chart.ChartLegendPanel.ChartLegendPanel;longmethod1;shotgunsurgery;divergentchange
logistic.client.scenarium.ScenariumTreeModel.ScenariumTreeModel;longmethod1;shotgunsurgery;divergentchange
logistic.server.kernel.db.DBProcedureCall.isAfterLast;longmethod1
logistic.logic.common.CacheManager.getInstance;divergentchange
logistic.client.util.UI.equalizeButtonSizes;divergentchange
logistic.client.util.TreeSearchPanel.build;longmethod1;shotgunsurgery;divergentchange
logistic.client.util.table.FilteredTableModel.getColumnClass;longmethod1
logistic.client.util.chart.ChartLegendPanel.createLegendScrollPane;longmethod1;shotgunsurgery
logistic.client.util.table.TableSorter.paintIcon;longmethod1
logistic.client.integrity.IntegrityValidationResultFrame.getColumnCount;longmethod1
logistic.server.kernel.Service.setChanged;divergentchange
logistic.client.user.UserFormFrame.makeButtonPanel;longmethod1;shotgunsurgery
logistic.client.util.chart.ChartLegendPanel.paintComponent;longmethod1
logistic.client.action.ScenariumApproveAction.ScenariumApproveAction;shotgunsurgery
logistic.server.kernel.db.DBProcedureCall.execute;shotgunsurgery;divergentchange
logistic.server.config.ServerConfig.init;longmethod1;shotgunsurgery
logistic.client.util.table.treetable.JTreeTable.getListSelectionModel;longmethod1
logistic.client.util.chart.ChartLegendPanel.calculateSize;longmethod1
logistic.logic.routeservice.RouteInfo.RouteInfo;shotgunsurgery;divergentchange
logistic.client.util.link.LabelLink.mouseExited;longmethod1
logistic.client.util.table.treetable.JTreeTable.resetRowSelection;longmethod1
logistic.logic.userservice.User.getName;divergentchange
logistic.client.util.table.treetable.TreeTableExample2.createMenuBar;longmethod1;shotgunsurgery
logistic.logic.validation.Validator.resumeThread;longmethod1
logistic.client.util.inputvalidation.AbstractComponentDecorator.paintComponent;longmethod1
logistic.server.kernel.db.DBProcedureCall.getDate;longmethod1
logistic.client.aggregation.AggregationTreeComboBox.setSelectedItem;shotgunsurgery
logistic.client.integrity.IntegrityValidationResultAction.actionPerformed;longmethod1
logistic.client.util.inputvalidation.AbstractComponentDecorator.paintBackground;longmethod1
logistic.client.util.inputvalidation.AbstractComponentDecorator.findDoubleBuffered;longmethod1
logistic.client.util.table.MultiLineTable.splitData;longmethod1;shotgunsurgery;divergentchange
logistic.client.aggregation.ComponentItemSelectionPanel.getSize;longmethod1
logistic.client.remote.ServerMonitor.setAlive;longmethod1
logistic.client.util.MultiLineLabel.splitStringByLines;longmethod1
logistic.client.aggregation.AggregationTreeComboBox.popupMenuWillBecomeVisible;longmethod1
logistic.client.util.table.treetable.TreeTableExample2.updateRow;longmethod1
logistic.logic.scenariumservice.ScenariumInfo.getName;divergentchange
logistic.server.scenariumservice.CommonScenariumServiceDB.moveScenarium;longmethod1;shotgunsurgery;divergentchange
logistic.client.integrity.IntegrityCheckFrame.getRunButton;shotgunsurgery
logistic.client.integrity.IntegrityValidationResultFrame.isCellEditable;longmethod1
logistic.client.desktop.MainDesktop.MainDesktop;shotgunsurgery
logistic.server.scenariumservice.CommonScenariumServiceDB.createFolder;longmethod1;shotgunsurgery;divergentchange
logistic.client.util.CalendarDateField.getMinSelectableDate;longmethod1
logistic.client.desktop.LogLevelFrame.getLevelPanel;longmethod1;shotgunsurgery;divergentchange
logistic.client.scenarium.ScenariumHistoryFrame.ScenariumHistoryFrame;shotgunsurgery
logistic.server.loginservice.LoginService.init;longmethod1;shotgunsurgery
logistic.server.logservice.ServerLogConfig.ServerLogConfig;longmethod1;shotgunsurgery
logistic.server.loginservice.LoginService.run;longmethod1
logistic.client.scenarium.ScenariumTree.installListeners;longmethod1;shotgunsurgery
logistic.logic.scenariumservice.ScenariumInfo.ScenariumInfo;longmethod1;shotgunsurgery;divergentchange
logistic.client.util.error.ExceptionDialog.updateFields;shotgunsurgery
logistic.client.notification.MessageNotificationSendFrame.makeButtonsPanel;longmethod1;shotgunsurgery
logistic.logic.localeservice.SinglePoint.readResolve;shotgunsurgery
logistic.client.util.error.ExceptionDialog.getIndex;longmethod1
logistic.server.kernel.db.DBProcedureCall.getTimestamp;longmethod1
logistic.client.util.table.FilteredTableModel.canFilter;divergentchange
logistic.client.aggregation.AggregationTreeComboBox.mouseReleased;longmethod1
logistic.client.util.table.treetable.FileSystemModel2.childTotalSizeChanged;longmethod1
logistic.client.util.chart.ChartLegendPanel.calculateLegendSize;longmethod1
logistic.server.notificationservice.NotificationService.shutdown;shotgunsurgery
logistic.server.userservice.UserServiceRemoteProxy.update;longmethod1;shotgunsurgery
logistic.logic.common.ObjectCache.containsKey;divergentchange
logistic.server.kernel.db.ServerDBConnection.initTypeOwners;longmethod1;shotgunsurgery
logistic.client.desktop.GlassPane.paintComponent;shotgunsurgery
logistic.client.user.FoldersPermissionsPanel.getPermissions;longmethod1;shotgunsurgery
logistic.client.user.FoldersPermissionsPanel.makeSelectedsPanel;longmethod1;shotgunsurgery;divergentchange
logistic.client.util.table.TableDialog.createTable;longmethod1
logistic.client.util.table.FloatEditor.getTableCellEditorComponent;divergentchange
logistic.client.scenarium.validation.ScenariumValidationAction.ScenariumValidationAction;shotgunsurgery
logistic.client.desktop.BasicDesktop.buildFrame;longmethod1;shotgunsurgery
logistic.client.util.inputvalidation.ValidationControl.contains;longmethod1
logistic.client.util.inputvalidation.AbstractComponentDecorator.findOpaque;longmethod1
logistic.client.util.CalendarDateField.FormattedDateField;longmethod1
logistic.server.logservice.LogService.getZipFileName;shotgunsurgery
logistic.client.scenarium.ScenariumTreeModel.removeNode;longmethod1;shotgunsurgery;divergentchange
logistic.server.routeservice.RouteServiceConfigurator.makeModalConfig;divergentchange;External_Addictor_per_Method
logistic.client.util.table.treetable.FileSystemModel2.createChildren;longmethod1
logistic.server.kernel.RemoteServiceProxy.doAction;longmethod1;shotgunsurgery;divergentchange
logistic.client.desktop.MainDesktop.getDefaultScenariumMenu;longmethod1;shotgunsurgery;divergentchange
logistic.client.user.FoldersPermissionsPanel.addFolderListener;longmethod1
logistic.client.util.error.ExceptionDialog.nextElement;longmethod1
logistic.server.kernel.db.ServerDBConnection.initialValue;longmethod1
logistic.client.scenarium.ScenariumTreeTable.paint;longmethod1
logistic.client.desktop.MainDesktop.updateStatus;longmethod1;shotgunsurgery
logistic.client.util.inputvalidation.ValidationDecorator.ComponentDecorator;longmethod1
logistic.server.userservice.UserServiceDB.init;longmethod1
logistic.server.scenariumservice.CommonScenariumServiceDB.reopen;longmethod1;shotgunsurgery
logistic.client.util.MultiLineLabel.paintDisabledText;longmethod1
logistic.client.validation.ValidationFrame.getButtonPanel;longmethod1;shotgunsurgery
logistic.client.scenarium.ScenariumTree.installTreeListeners;longmethod1
logistic.client.util.tree.TreeFilter.accepts;divergentchange
logistic.logic.common.Code.equals;divergentchange
logistic.client.desktop.GenericFrame.getContentPane;divergentchange
logistic.client.util.table.treetable.TreeTableModel.getColumnClass;longmethod1
logistic.logic.routeservice.RouteInfo.isAutomatic;longmethod1
logistic.client.user.UserControlFrame.makeButtonPanel;longmethod1;shotgunsurgery;divergentchange
logistic.access.userservice.UserServiceProxy.removeUser;shotgunsurgery
logistic.client.aggregation.AggregationTreeComboBox.mouseExited;longmethod1
logistic.client.action.ScenariumApproveAction.approve;longmethod1
logistic.client.util.error.UIValidator.getMouseListener;longmethod1
logistic.client.util.export.XLSExporter.createSheets;longmethod1;shotgunsurgery
logistic.client.util.inputvalidation.AbstractComponentDecorator.paintForeground;longmethod1
logistic.client.scenarium.FolderAdminFrame.FolderAdminFrame;shotgunsurgery
logistic.logic.validation.Validator.isWaiting;longmethod1
logistic.client.validation.ValidationFrame.makeMainPanel;shotgunsurgery
logistic.client.util.inputvalidation.ValidationDecorator.getDecorationBounds;longmethod1
logistic.client.scenarium.ScenariumPropertiesPanel.getPermissionText;shotgunsurgery
logistic.client.remote.ServerMonitor.start;longmethod1;shotgunsurgery
logistic.client.scenarium.validation.ScenariumValidationFrame.getFrame;External_Addictor_per_Method
logistic.logic.scenariumservice.ScenariumFolder.canWrite;divergentchange
logistic.client.login.Client.getClientName;divergentchange
logistic.logic.loginservice.LoginContext.getPermissions;divergentchange
logistic.client.aggregation.AggregationTreeComboBox.AggregationTreeComboBox;shotgunsurgery
logistic.logic.localeservice.GeographicalPoint.GeographicalPoint;divergentchange
logistic.server.userservice.UserServiceDB.makeUserContext;longmethod1;shotgunsurgery
logistic.client.action.ScenariumRemoveAction.actionPerformed;longmethod1;shotgunsurgery
logistic.client.desktop.GenericFrame.getLastActivatedWindow;divergentchange
logistic.client.util.table.treetable.FileSystemModel2.loadedChildren;longmethod1
logistic.client.notification.MessageNotificationSendFrame.makeUserTablePanel;longmethod1;shotgunsurgery
logistic.client.integrity.IntegrityCheckFrame.getCategoryTable;longmethod1
logistic.client.user.GeneralPermissionsPanel.initPermissions;longmethod1;shotgunsurgery
logistic.client.validation.ValidationFrame.setButtonState;longmethod1;divergentchange
logistic.client.util.error.ExceptionDialog.makeButtonsPanel;longmethod1
logistic.client.action.UserUpdateAction.updateUser;longmethod1
logistic.client.validation.ValidationFrame.configureTable;longmethod1;shotgunsurgery
logistic.server.scenariumservice.CommonScenariumServiceDB.checkChangeFolderPermission;longmethod1
logistic.client.scenarium.FolderAdminFrame.makePanel;longmethod1;divergentchange
logistic.server.notificationservice.NotificationService.sendMail;divergentchange
logistic.client.util.table.treetable.FileSystemModel2.setTotalSizeValid;longmethod1
logistic.client.login.ClientKernel.getMandatoryProperty;divergentchange
logistic.client.report.ReportFrame.createReport;shotgunsurgery
logistic.client.scenarium.CommonScenariumFrame.CommonScenariumFrame;shotgunsurgery
logistic.client.scenarium.ScenariumRenameFrame.ScenariumRenameFrame;shotgunsurgery
logistic.client.scenarium.ScenariumTreeModel.findSubFolderPosition;longmethod1;shotgunsurgery
logistic.client.util.CalendarDateField.setMinSelectableDate;longmethod1
logistic.client.util.table.treetable.FileSystemModel2.setChildren;longmethod1
logistic.client.scenarium.ScenariumTreePathPanel.build;longmethod1;shotgunsurgery;divergentchange
logistic.client.util.table.EditableTable.makeEditableTable;shotgunsurgery
logistic.server.config.ServerConfig.getProperty;divergentchange
logistic.logic.routeservice.Route.RouteArcData;longmethod1
logistic.server.kernel.db.ServerDBConnection.clean;longmethod1
logistic.client.util.table.EditableTableFrame.buildButtons;longmethod1;shotgunsurgery
logistic.server.kernel.db.DBProcedureCall.closeIterators;longmethod1
logistic.client.remote.ServerMonitor.lookup;longmethod1;shotgunsurgery
logistic.client.util.FixedLengthTextField.insertString;longmethod1
logistic.access.kernel.ServiceEvent.getEventData;divergentchange
logistic.server.kernel.LogisticServer.getInstance;divergentchange
logistic.client.validation.ValidationFrame.getCellEditorValue;longmethod1
logistic.client.desktop.GenericWindowInterface.getTitle;divergentchange
logistic.client.remote.ServiceListenerManager.getInstance;divergentchange
logistic.client.util.table.treetable.FileSystemModel2.isLink;longmethod1
logistic.client.scenarium.ScenariumHistoryFrame.makeButtonPanel;shotgunsurgery
logistic.client.scenarium.ScenariumRenameFrame.getFrame;External_Addictor_per_Method
logistic.client.notification.NotificationPanel.writeNotificationsLines;longmethod1;shotgunsurgery
logistic.client.scenarium.ScenariumHistoryFrame.setHistory;divergentchange
logistic.client.desktop.BasicDesktop.BasicDesktop;shotgunsurgery
logistic.server.notificationservice.NotificationService.createSession;longmethod1;shotgunsurgery
logistic.server.kernel.db.DBCode.getObject;divergentchange
logistic.logic.scenariumservice.CommonScenarium.getInfo;divergentchange
logistic.client.scenarium.ScenariumTree.createPopupMenu;longmethod1;shotgunsurgery;divergentchange
logistic.client.scenarium.PathPanel.PathPanel;longmethod1;shotgunsurgery;divergentchange
logistic.client.notification.MessageNotificationSendFrame.MessageNotificationSendFrame;shotgunsurgery
logistic.client.aggregation.ComponentItemSelectionPanel.verifyOrderButtons;longmethod1;divergentchange
logistic.client.util.UI.synchronizeScrollPanes;longmethod1
logistic.client.util.table.ColorRenderer.createToolTipText;longmethod1
logistic.client.util.table.treetable.JTreeTable.ListToTreeSelectionModelWrapper;longmethod1
logistic.logic.common.ObjectCache.get;divergentchange
logistic.server.loginservice.LoginService.bindLoginService;longmethod1;shotgunsurgery;divergentchange
logistic.client.scenarium.ScenariumPropertiesPanel.buildPropertiesPanel;longmethod1;shotgunsurgery;divergentchange
logistic.client.aggregation.AggregationTreeComboBox.isVisible;longmethod1
logistic.server.integrityservice.IntegrityServiceDB.getInvalidRules;shotgunsurgery
logistic.client.util.table.treetable.TreeTableExample2.IndicatorRenderer;longmethod1
logistic.logic.common.Code.hashCode;divergentchange
logistic.client.util.table.EditableCellRenderer.getTableCellRendererComponent;longmethod1;shotgunsurgery;divergentchange
logistic.server.scenariumservice.ScenariumServiceRemoteProxy.update;longmethod1;shotgunsurgery;divergentchange
logistic.client.util.CalendarDateField.setDateFormatString;longmethod1
logistic.client.util.table.TableDialog.showTableDialog;longmethod1;shotgunsurgery
logistic.logic.scenariumservice.ScenariumFolder.readResolve;shotgunsurgery
logistic.client.util.CalendarDateField.getUiComponent;longmethod1
logistic.server.logservice.LogService.getLogger;divergentchange
logistic.server.transactionservice.TransactionService.getProxy;External_Addictor_per_Method
logistic.client.action.LoginManagementAction.actionPerformed;longmethod1
logistic.logic.productservice.ProductComparator.compareProducts;longmethod1
logistic.server.scenariumservice.CommonScenariumServiceDB.init;longmethod1
logistic.client.aggregation.AggregationTreeComboBox.TreePopup;longmethod1
logistic.server.kernel.db.DBProcedureCall.next;longmethod1
logistic.client.scenarium.ScenariumApproveFrame.isEmpty;longmethod1
logistic.client.aggregation.ComponentItemSelectionPanel.clear;longmethod1
logistic.client.integrity.IntegrityValidationResultFrame.IntegrityValidationResultFrame;shotgunsurgery
logistic.client.validation.ValidationFrame.tryClose;shotgunsurgery
logistic.client.report.ReportFrame.exportToXls;longmethod1;shotgunsurgery;divergentchange
logistic.client.util.inputvalidation.AbstractComponentDecorator.componentHidden;longmethod1
logistic.server.config.ServerConfig.loadCommandLineProperties;shotgunsurgery
logistic.client.desktop.MainDesktop.makeRightPanel;shotgunsurgery
logistic.client.aggregation.ComponentItemSelectionPanel.removeAt;longmethod1
logistic.client.desktop.LogLevelFrame.LogLevelFrame;shotgunsurgery
logistic.client.desktop.BasicDesktop.getDefaultAdministrationMenu;longmethod1;shotgunsurgery
logistic.client.desktop.LogLevelFrame.getMainPane;longmethod1;divergentchange
logistic.logic.scenariumservice.ScenariumFolder.canApprove;divergentchange
logistic.client.aggregation.AggregationTreeComboBox.getMouseMotionListener;longmethod1
logistic.server.loginservice.LoginService.login;longmethod1;shotgunsurgery;divergentchange;External_Addictor_per_Method
logistic.client.util.DateComboBox.toString;longmethod1
logistic.server.notificationservice.NotificationService.requestHost;longmethod1
logistic.client.action.ScenariumMoveAction.actionPerformed;longmethod1;shotgunsurgery
logistic.client.util.table.treetable.TreeTableExample2.getTableCellRendererComponent;longmethod1
logistic.client.scenarium.ScenariumTreeTable.getTableCellRendererComponent;longmethod1
logistic.client.util.ExpandablePanel.ExpandablePanel;longmethod1;shotgunsurgery;divergentchange
logistic.client.scenarium.ScenariumTreeModel.changeNode;shotgunsurgery;External_Addictor_per_Method
logistic.client.util.chart.ChartLegendPanel.LegendPanel;longmethod1
logistic.logic.scenariumservice.tree.ScenariumFolderTreeNode.compareTo;longmethod1;shotgunsurgery
logistic.client.util.error.ExceptionDialog.makeInfoPanel;longmethod1
logistic.client.aggregation.ComponentItemSelectionPanel.makeTreePanel;longmethod1;divergentchange
logistic.client.report.PrintConfigurationDialog.buildFields;longmethod1
logistic.client.util.UI.packColumn;longmethod1;shotgunsurgery
logistic.client.scenarium.ScenariumTreeModel.createFolder;shotgunsurgery
logistic.client.action.UserAdminAction.actionPerformed;longmethod1
logistic.client.util.inputvalidation.ValidationEvent.getListenerMethod;longmethod1
logistic.client.scenarium.ScenariumTree.getTreeCellRendererComponent;longmethod1
logistic.client.integrity.IntegrityValidationRuleManager.getResultLink;longmethod1;divergentchange
logistic.client.util.InputDialog.showDialog;shotgunsurgery
logistic.client.action.ScenariumSaveAction.saveScenarium;longmethod1;shotgunsurgery
logistic.client.util.inputvalidation.ValidationControl.ValidatorInvocation;longmethod1
logistic.server.kernel.db.DBProcedureCall.ResultSetIterator;longmethod1
logistic.client.login.ClientKernel.getServiceLocatorClass;longmethod1
logistic.server.kernel.db.DBCode.getCode;divergentchange
logistic.client.util.table.treetable.FileSystemModel2.getCanonicalPath;longmethod1
logistic.server.notificationservice.NotificationContainer.cleanVector;shotgunsurgery
logistic.client.desktop.CustomizedToolBarUI.createFloatingWindow;longmethod1;shotgunsurgery
logistic.client.scenarium.CommonScenariumFrame.getFrame;divergentchange
logistic.server.kernel.LogisticServer.createLogisticServices;shotgunsurgery
logistic.client.action.ScenariumHistoryAction.actionPerformed;longmethod1;shotgunsurgery
logistic.client.util.table.treetable.FileSystemModel2.toString;longmethod1
logistic.client.integrity.IntegrityValidationResultFrame.getRowCount;longmethod1
logistic.client.util.table.treetable.TreeTableExample2.actionPerformed;longmethod1
logistic.server.logservice.LogService.enableFileLogging;longmethod1;shotgunsurgery;divergentchange
logistic.client.aggregation.AggregationTreeComboBox.popupMenuWillBecomeInvisible;longmethod1
logistic.logic.validation.Validator.pauseThread;longmethod1
logistic.client.util.table.treetable.JTreeTable.createListSelectionListener;longmethod1
logistic.server.kernel.db.ServerDBConnection.getTimeInfo;longmethod1;shotgunsurgery
logistic.server.loginservice.LoginService.createLoginContext;longmethod1;shotgunsurgery;divergentchange;External_Addictor_per_Method
logistic.client.desktop.MainDesktop.checkUnsavedScenarium;shotgunsurgery
logistic.client.util.InputDialog.InputDialog;divergentchange
logistic.server.kernel.db.DBProcedureCall.registerInParameter;divergentchange
logistic.client.login.Client.setLookAndFeel;longmethod1;shotgunsurgery
logistic.logic.userservice.ApproveFolderPermission.ApproveFolderPermission;divergentchange
logistic.client.remote.RemoteTask.initProgressDialog;longmethod1;shotgunsurgery
logistic.client.validation.ValidationFrame.makeTablePanel;shotgunsurgery
logistic.client.notification.NotificationReceivingFrame.NotificationReceivingFrame;shotgunsurgery
logistic.client.aggregation.AggregationTreeComboBox.keyReleased;longmethod1
logistic.client.action.ScenariumHistoryAction.ScenariumHistoryAction;shotgunsurgery
logistic.access.scenariumservice.ScenariumServiceProxy.resetScena;shotgunsurgery;External_Addictor_per_Method
logistic.client.integrity.IntegrityValidationResultFrame.IntegrityValidationTableModel;longmethod1
logistic.client.util.table.treetable.FileSystemModel2.isTotalSizeValid;longmethod1
logistic.client.util.ClosableTab.TabButton;longmethod1
logistic.logic.productservice.UnitOfMeasure.convertFrom;divergentchange
logistic.client.util.table.treetable.FileSystemModel2.getValueAt;longmethod1;shotgunsurgery
logistic.client.action.UserCorporatedLoadAction.actionPerformed;longmethod1
logistic.server.notificationservice.NotificationService.mailTo;shotgunsurgery
logistic.server.kernel.LogisticServer.init;longmethod1;shotgunsurgery;divergentchange
logistic.client.login.ClientKernel.getServicesNames;longmethod1;shotgunsurgery
logistic.client.desktop.AboutDialog.AboutDialog;shotgunsurgery
logistic.client.notification.NotificationFrame.getDescriptonArea;shotgunsurgery
logistic.client.util.export.XLSUtils.exportJTable;longmethod1;shotgunsurgery;divergentchange
logistic.client.validation.ValidationFrame.shouldSelectCell;longmethod1
logistic.client.aggregation.ComponentItemSelectionPanel.getListCellRendererComponent;longmethod1
logistic.client.action.CreateFolderAction.actionPerformed;longmethod1
logistic.client.report.ReportFrame.print;longmethod1;shotgunsurgery
logistic.client.scenarium.ScenariumTreeModel.createNode;longmethod1;shotgunsurgery;divergentchange
logistic.client.util.error.ExceptionDialog.trimWhiteSpaces;longmethod1
logistic.client.util.Legend.initComponents;longmethod1;shotgunsurgery;divergentchange
logistic.client.util.MultiLineLabel.layoutCompoundLabel;longmethod1
logistic.client.desktop.LogLevelFrame.getLevelRadioButtons;longmethod1;shotgunsurgery;divergentchange
logistic.client.aggregation.AggregationTreeRenderer.getTreeCellRendererComponent;longmethod1;shotgunsurgery;divergentchange
logistic.logic.loginservice.LoginContext.LoginContext;shotgunsurgery;divergentchange
logistic.server.notificationservice.NotificationService.createBackupThread;longmethod1
logistic.client.action.UserRemoveAction.actionPerformed;longmethod1
logistic.client.util.error.ExceptionDialog.ExceptionOption;longmethod1
logistic.client.util.FixedLengthTextField.showErrorMsg;longmethod1;shotgunsurgery
logistic.client.aggregation.AggregationTreeComboBox.mouseMoved;longmethod1
logistic.client.util.error.ExceptionDialog.getChildCount;longmethod1
logistic.server.routeservice.RouteServiceConfigurator.loadProperties;longmethod1;divergentchange
logistic.server.kernel.db.DBProcedureCall.getString;longmethod1
logistic.client.validation.ValidationFrame.ValidationTableModel;longmethod1
logistic.client.util.error.ExceptionDialog.valueChanged;longmethod1
logistic.client.util.chart.ChartLegendPanel.LegendItemWrapper;longmethod1
logistic.client.util.inputvalidation.AbstractComponentDecorator.attach;longmethod1;shotgunsurgery;divergentchange
logistic.client.util.table.TableSorter.getIconWidth;longmethod1
logistic.client.util.table.treetable.FileSystemModel2.run;longmethod1
logistic.client.desktop.BasicDesktop.tryClose;shotgunsurgery
logistic.client.util.table.treetable.TreeTableExample2.paint;longmethod1
logistic.server.kernel.db.DBProcedureCall.getDouble;longmethod1
logistic.client.aggregation.AggregationTreeComboBox.uninstallingUI;longmethod1
logistic.server.kernel.lock.ReadWriteLock.makeAcquire;longmethod1
logistic.client.scenarium.ScenariumApproveFrame.getFrame;External_Addictor_per_Method
logistic.client.util.inputvalidation.ValidationControl.addInputValidator;shotgunsurgery;divergentchange
logistic.server.kernel.db.ServerDBConnection.getConnection;divergentchange
logistic.server.kernel.Service.checkPermission;divergentchange
logistic.client.desktop.GenericFrame.setSuffix;longmethod1;shotgunsurgery
logistic.logic.scenariumservice.ScenariumInfo.copyFrom;longmethod1;shotgunsurgery;divergentchange
logistic.client.util.error.ExceptionDialog.getParent;longmethod1
logistic.client.scenarium.ScenariumValidationFrame.makeContentPane;longmethod1;shotgunsurgery;divergentchange
logistic.client.util.error.ExceptionDialog.ThrowableTreeNode;longmethod1
logistic.client.desktop.GenericFrame.callTryClose;longmethod1
logistic.client.util.error.ExceptionDialog.createButtonPanel;longmethod1
logistic.client.user.UserFormFrame.makePanel;longmethod1;shotgunsurgery;divergentchange
logistic.server.notificationservice.NotificationService.getDefaultHeader;longmethod1;shotgunsurgery
logistic.client.util.LegendButton.LegendButton;longmethod1;shotgunsurgery
logistic.server.integrityservice.IntegrityServiceDB.getProxy;External_Addictor_per_Method
logistic.client.util.chart.ChartLegendPanel.createChartPrintJob;longmethod1;shotgunsurgery
logistic.client.desktop.GenericFrame.executeBlocks;longmethod1;divergentchange
logistic.client.aggregation.AggregationTreeComboBox.keyPressed;longmethod1
logistic.client.scenarium.ScenariumTreeModel.sortDir;longmethod1;shotgunsurgery
logistic.client.util.error.UIValidator.validateField;shotgunsurgery
logistic.client.report.ReportFrame.ReportFrame;shotgunsurgery
logistic.client.util.inputvalidation.ValidationEvent.getConfiguratorMethod;longmethod1
logistic.server.routeservice.GetRoutesCall.buildRoutes;longmethod1;shotgunsurgery
logistic.server.kernel.db.ServerDBConnection.init;longmethod1;shotgunsurgery;divergentchange
logistic.access.kernel.LocalServiceProxy.LocalServiceProxy;divergentchange
logistic.client.util.inputvalidation.AbstractComponentDecorator.getClippingRect;longmethod1;shotgunsurgery;divergentchange
logistic.client.util.table.treetable.FileSystemModel2.totalSize;longmethod1
logistic.server.scenariumservice.CommonScenariumServiceDB.canRemoveFolder;longmethod1;shotgunsurgery
logistic.client.desktop.MainDesktop.buildFrame;longmethod1;shotgunsurgery
logistic.client.login.Client.uncaughtException;longmethod1
logistic.client.util.table.treetable.TreeTableModelAdapter.nodeForRow;divergentchange
logistic.logic.routeservice.RouteArcInfo.RouteArcInfo;longmethod1;shotgunsurgery;divergentchange
logistic.client.util.table.treetable.TreeTableExample2.main;longmethod1
logistic.client.scenarium.ScenariumApproveFrame.makeContentPane;longmethod1;shotgunsurgery;divergentchange
logistic.logic.validation.Validator.stopThread;longmethod1
logistic.client.action.PrintAction.buildReport;longmethod1;shotgunsurgery
logistic.client.remote.ServerMonitor.getInstance;divergentchange
logistic.client.scenarium.ScenariumHistoryFrame.getReportBodyItems;shotgunsurgery
logistic.client.aggregation.AggregationTreeComboBox.getListCellRendererComponent;longmethod1
logistic.client.integrity.IntegrityValidationResultFrame.makeDescriptionPanel;shotgunsurgery
logistic.client.notification.MessageNotificationSendFrame.makeEditionPanel;longmethod1;shotgunsurgery
logistic.server.logservice.LogService.addTemporaryHandler;longmethod1
logistic.client.admin.LoginManagementFrame.buildInputPane;longmethod1;divergentchange
logistic.client.login.LoginDialog.createDialog;longmethod1;shotgunsurgery;divergentchange
logistic.client.user.GeneralPermissionsPanel.buildPanel;divergentchange
logistic.server.kernel.lock.ReadWriteLock.ReadLock;longmethod1
logistic.client.aggregation.AggregationTreeComboBox.getKeyListener;longmethod1
logistic.client.user.UserControlFrame.makeListUsersPanel;longmethod1;divergentchange
logistic.client.util.CalendarDateField.setSelectableDateRange;longmethod1
logistic.client.util.error.ExceptionDialog.toString;longmethod1
logistic.client.util.table.TableSorter.getIconHeight;longmethod1
logistic.client.scenarium.ScenariumApproveFrame.makeButtonPanel;longmethod1;shotgunsurgery
logistic.client.util.MultiLineLabel.paintEnabledText;longmethod1
logistic.client.util.CalendarDateField.setDateFieldListeners;longmethod1
logistic.server.productservice.ProductServiceConfigurator.loadProperties;longmethod1
logistic.client.desktop.GenericFrame.build;longmethod1;shotgunsurgery
logistic.server.kernel.db.DBProcedureCall.getOutParameterIndex;divergentchange
logistic.client.util.error.ExceptionDialog.getChildAt;longmethod1
logistic.client.aggregation.AggregationTreeComboBox.togglePopup;longmethod1
logistic.client.integrity.IntegrityCheckFrame.buildMainPanel;shotgunsurgery
logistic.client.util.table.treetable.FileSystemModel2.FileNode;longmethod1
logistic.client.util.CalendarDateField.CalendarDateField;longmethod1;shotgunsurgery;divergentchange
logistic.access.notificationservice.NotificationServiceProxy.update;longmethod1
logistic.client.aggregation.AggregationTreeComboBox.mouseEntered;longmethod1
logistic.client.util.inputvalidation.ValidationEvent.getListenerClass;longmethod1
logistic.client.aggregation.ComponentItemSelectionPanel.makeOrderButtonPanel;longmethod1;shotgunsurgery;divergentchange
logistic.client.util.FixedLengthTextArea.insertString;longmethod1
logistic.logic.productservice.ProductSet.ProductSet;shotgunsurgery
logistic.client.util.inputvalidation.AbstractComponentDecorator.getDecoratedLayer;longmethod1
logistic.client.util.FormattedField.checkInput;longmethod1
logistic.server.scenariumservice.CommonScenariumServiceDB.verifyChanges;shotgunsurgery
logistic.client.desktop.MainDesktop.verifyRemoved;shotgunsurgery
logistic.client.desktop.AboutDialog.makeInfoComponent;longmethod1;shotgunsurgery;divergentchange
logistic.client.validation.ValidationFrame.ValidationFrame;longmethod1;shotgunsurgery;divergentchange
logistic.server.userservice.UserServiceDB.updateUser;longmethod1;shotgunsurgery;divergentchange
logistic.server.kernel.db.DBProcedureCall.getConnection;divergentchange
logistic.client.util.ScrollablePanel.ScrollablePanel;divergentchange
logistic.client.aggregation.AggregationTreeComboBox.initializePopup;longmethod1
logistic.server.scenariumservice.CommonScenariumServiceDB.CommonScenariumServiceDB;shotgunsurgery
logistic.client.util.export.XLSExporter.exportToXls;longmethod1;shotgunsurgery;divergentchange
logistic.client.util.UI.adjustHeightTableUI;shotgunsurgery
logistic.client.user.UserFormFrame.makeInfoPanel;longmethod1;shotgunsurgery;divergentchange
logistic.client.desktop.MainDesktop.updateDesktop;divergentchange
logistic.logic.productservice.SingleProduct.copyFrom;longmethod1;shotgunsurgery;divergentchange
logistic.client.scenarium.ScenariumTreeTable.updateTree;longmethod1;shotgunsurgery;divergentchange
logistic.server.kernel.db.DBProcedureCall.getFloat;longmethod1
logistic.server.loginservice.LoginService.writeServerStatusProperties;longmethod1;divergentchange
logistic.server.integrityservice.IntegrityServiceDB.getAllIntegrityCategories;longmethod1;shotgunsurgery
logistic.client.scenarium.ScenariumTreeTableModel.getColumnClass;longmethod1
logistic.client.action.ScenariumRenameAction.ScenariumRenameAction;shotgunsurgery
logistic.client.util.InputDialog.buildButtons;longmethod1;shotgunsurgery
logistic.client.admin.LoginManagementFrame.setLoginEnabled;divergentchange
logistic.logic.userservice.User.getLogin;divergentchange
logistic.client.scenarium.ScenariumHistoryFrame.makeContentPanel;longmethod1;shotgunsurgery;divergentchange
logistic.client.util.chart.ChartLegendPanel.rebuildChartPopupMenu;shotgunsurgery
logistic.logic.validation.Validator.run;longmethod1
logistic.client.action.LogLevelAction.actionPerformed;longmethod1
logistic.client.scenarium.ScenariumTreeTable.setBounds;longmethod1
logistic.client.util.chart.ChartLegendPanel.chartChanged;longmethod1
logistic.client.desktop.LogsFrame.getLogPanel;divergentchange
logistic.client.user.FoldersPermissionsPanel.makeUnselectedsPanel;longmethod1;shotgunsurgery;divergentchange
logistic.server.userservice.UserServiceDB.getUserInfo;longmethod1;shotgunsurgery
logistic.client.aggregation.ComponentItemSelectionPanel.makeContent;longmethod1;shotgunsurgery;divergentchange
logistic.client.util.table.FilteredTableModel.getModelColumnIndex;longmethod1;divergentchange
logistic.server.routeservice.CreateRouteCall.setRouteInfo;shotgunsurgery
logistic.client.scenarium.ScenariumPropertiesPanel.setScenariumInfo;shotgunsurgery;divergentchange
logistic.client.notification.MessageNotificationSendFrame.getFrame;External_Addictor_per_Method
logistic.client.aggregation.AggregationTree.createNode;longmethod1;shotgunsurgery;External_Addictor_per_Method
logistic.logic.localeservice.PointComparator.comparePoints;longmethod1
logistic.client.action.FolderAdminAction.actionPerformed;longmethod1
logistic.client.user.UserFormFrame.makeLoadButton;longmethod1;shotgunsurgery
logistic.access.routeservice.RouteServiceProxy.update;longmethod1;shotgunsurgery
logistic.logic.routeservice.Route.getRouteArc;longmethod1
logistic.server.scenariumservice.ScenariumFolderDB.readSQL;shotgunsurgery
logistic.logic.scenariumservice.ScenariumFolder.getName;divergentchange
logistic.client.util.chart.ChartLegendPanel.getLegendItems;longmethod1
logistic.client.integrity.IntegrityValidationResultFrame.getValueAt;longmethod1
logistic.client.integrity.IntegrityCheckFrame.IntegrityCheckFrame;shotgunsurgery
logistic.server.userservice.UserServiceDB.getAllUsers;longmethod1;shotgunsurgery
logistic.client.util.chart.ChartLegendPanel.equals;longmethod1
logistic.client.report.ReportFrame.buildMessagePane;shotgunsurgery
logistic.client.util.inputvalidation.IconLabel.IconLabel;shotgunsurgery
logistic.logic.localeservice.PointSet.getPoints;longmethod1;shotgunsurgery
logistic.client.util.inputvalidation.ValidationControl.hashCode;longmethod1
logistic.client.scenarium.ScenariumTreeTable.getIcon;longmethod1
logistic.client.util.table.TableSorter.getTableCellRendererComponent;longmethod1
logistic.client.desktop.MainDesktop.reloadScena;longmethod1
logistic.server.loginservice.LogisticPolicy.getPermissionsByUser;longmethod1
logistic.client.aggregation.AggregationTreeComboBox.popupMenuCanceled;longmethod1
logistic.client.validation.ValidationFrame.startValidation;divergentchange
logistic.client.scenarium.ScenariumTable.makeTableModel;longmethod1
logistic.client.user.UserControlFrame.makePanel;longmethod1;divergentchange
logistic.client.aggregation.AggregationTree.getUserObject;longmethod1
logistic.server.kernel.db.DBProcedureCall.wasNull;longmethod1
logistic.server.integrityservice.IntegrityServiceDB.verifyIntegrity;longmethod1;shotgunsurgery
logistic.server.kernel.db.DBProcedureCall.ParameterDescriptor;longmethod1
logistic.client.scenarium.ScenariumTreeTable.getTreeCellRendererComponent;longmethod1
logistic.client.util.error.ExceptionDialog.buildGui;longmethod1;shotgunsurgery;divergentchange
logistic.server.notificationservice.NotificationService.readBackup;shotgunsurgery
logistic.access.userservice.UserServiceProxy.update;longmethod1;shotgunsurgery;divergentchange
logistic.server.transactionservice.TransactionService.setSavePoint;longmethod1
logistic.logic.common.CacheManager.getCache;divergentchange
logistic.server.loginservice.LoginService.getProxy;External_Addictor_per_Method
logistic.client.desktop.GenericFrame.forceClose;shotgunsurgery;divergentchange
logistic.client.util.table.treetable.FileSystemModel2.forceTotalSizeValid;longmethod1
logistic.client.scenarium.CommonScenariumFrame.getScenaSuffix;shotgunsurgery
logistic.client.scenarium.CommonScenariumFrame.createServiceListener;longmethod1
logistic.client.desktop.AboutDialog.makeContentPane;longmethod1;shotgunsurgery;divergentchange
logistic.client.util.table.treetable.FileSystemModel2.resetSize;longmethod1
logistic.server.logservice.LogService.setHandler;longmethod1
logistic.logic.scenariumservice.ScenariumInfo.getFolder;divergentchange
logistic.server.userservice.UserServiceDB.getUserContext;longmethod1;shotgunsurgery
logistic.client.util.table.MultiLineHeaderRenderer.makeLabelPane;longmethod1;shotgunsurgery;divergentchange
logistic.client.desktop.SendCurrentLogFrame.SendCurrentLogFrame;shotgunsurgery
logistic.client.util.table.FloatEditor.validate;divergentchange
logistic.client.scenarium.ScenariumApproveFrame.ScenariumApproveFrame;shotgunsurgery
logistic.client.action.IntegrityCheckAction.executeIntegrityVerification;longmethod1
logistic.logic.userservice.User.readResolve;shotgunsurgery
logistic.client.util.table.treetable.JTreeTable.TreeTableCellRenderer;longmethod1
logistic.access.loginservice.LoginServiceInterface.login;External_Addictor_per_Method
logistic.client.scenarium.PathPanel.makeTreeModel;longmethod1;shotgunsurgery;External_Addictor_per_Method
logistic.client.admin.LoginManagementFrame.addListener;longmethod1
logistic.client.util.table.MultiLineHeaderRenderer.makePanelIcon;longmethod1;shotgunsurgery;divergentchange
logistic.client.util.chart.ChartLegendPanel.resizeLegendScrollPanel;longmethod1;shotgunsurgery;divergentchange
logistic.client.aggregation.AggregationTree.find;longmethod1;shotgunsurgery
logistic.client.util.FormattedField.verify;longmethod1
logistic.client.util.inputvalidation.AbstractComponentDecorator.AbstractComponentDecorator;shotgunsurgery;divergentchange
logistic.client.product.ProductAggregationTree.ProductAggregationTree;longmethod1;divergentchange
logistic.client.desktop.GenericWindowInterface.setLocationRelativeTo;divergentchange
logistic.access.kernel.ServiceEvent.getName;divergentchange
logistic.client.notification.NotificationReceivingFrame.makeContentPanel;longmethod1;shotgunsurgery;divergentchange
logistic.logic.scenariumservice.ScenariumInfo.clone;divergentchange
logistic.client.report.ReportFrame.getPrintableReport;longmethod1;shotgunsurgery
logistic.client.util.FormattedField.shouldYieldFocus;longmethod1
logistic.logic.scenariumservice.ScenariumInfo.getId;divergentchange
logistic.client.scenarium.ScenariumRenameFrame.makeButtonPanel;shotgunsurgery
logistic.logic.integrityservice.IntegrityRule.IntegrityRule;shotgunsurgery;divergentchange
logistic.client.aggregation.ComponentItemSelectionPanel.changeElementPosition;longmethod1
logistic.server.kernel.db.ServerDBConnection.close;divergentchange
logistic.server.kernel.db.DBProcedureCall.handleException;divergentchange
logistic.client.util.inputvalidation.ValidationControl.verify;longmethod1
logistic.client.util.error.ExceptionDialog.makeIconPanel;longmethod1
logistic.client.util.inputvalidation.AbstractComponentDecorator.componentShown;longmethod1
logistic.client.admin.LoginManagementFrame.buildTableModel;longmethod1
logistic.client.aggregation.AggregationTree.AggregationTree;shotgunsurgery;divergentchange
logistic.client.action.ScenariumRenameAction.updateName;longmethod1
logistic.client.util.error.ExceptionDialog.isLeaf;longmethod1
logistic.logic.localeservice.OperationalPointInfo.readResolve;shotgunsurgery
logistic.client.user.UserFormFrame.getEditionFrame;shotgunsurgery
logistic.server.scenariumservice.CommonScenariumServiceDB.getAllTreeInfos;longmethod1;shotgunsurgery
logistic.client.util.FixedLengthTextArea.showErrorMsg;longmethod1;shotgunsurgery
logistic.server.kernel.db.ServerDBConnection.closeCursors;longmethod1
logistic.logic.notificationservice.NotificationData.NotificationData;shotgunsurgery;divergentchange
logistic.server.kernel.db.DBProcedureCall.getStatement;divergentchange
logistic.client.util.table.BooleanCellRenderer.getTableCellRendererComponent;longmethod1;shotgunsurgery;divergentchange
logistic.client.aggregation.AggregationTreeComboBox.mouseClicked;longmethod1
logistic.client.aggregation.AggregationTreeComboBox.keyTyped;longmethod1
logistic.server.routeservice.RouteServiceDB.getRoutes;shotgunsurgery
logistic.client.util.inputvalidation.AbstractComponentDecorator.getCursor;longmethod1
logistic.client.util.table.OriginalValueMouseListener.maybeShowPopup;longmethod1;shotgunsurgery
logistic.client.util.inputvalidation.ValidationControl.verifyAll;longmethod1
logistic.client.util.table.FilteredTableModel.filterColumns;longmethod1;shotgunsurgery
logistic.client.aggregation.AggregationTreeComboBox.show;longmethod1
logistic.client.util.table.treetable.JTreeTable.paint;longmethod1
logistic.client.util.table.TableUtil.FormatTableCellRenderer;longmethod1
logistic.client.desktop.GenericFrame.setPrefix;shotgunsurgery
logistic.client.scenarium.CommonScenariumFrame.tryClose;longmethod1;shotgunsurgery
logistic.client.util.MultiLineLabel.layoutCL;longmethod1
logistic.server.scenariumservice.ScenariumInfoTreeDB.makeScenariumInfoTree;longmethod1;shotgunsurgery
logistic.server.kernel.db.ServerDBConnection.getTypeName;divergentchange
logistic.client.validation.ValidationFrame.repaintFrame;longmethod1
logistic.client.desktop.MainDesktop.validateOpenedScena;longmethod1;shotgunsurgery
logistic.logic.scenariumservice.tree.ScenariumTreeNodeProperties.getPropertyKeyName;longmethod1
logistic.client.util.table.MultiLineTable.getStringSize;shotgunsurgery
logistic.logic.scenariumservice.ScenariumInfo.readResolve;shotgunsurgery
logistic.client.scenarium.ScenariumTree.getModel;divergentchange
logistic.server.config.ServerConfig.getPropertiesStartedWith;shotgunsurgery
logistic.client.util.tree.FilteredTreeModel.indexToFilteredModel;longmethod1
logistic.server.logservice.LogService.getAvailableLogs;longmethod1;shotgunsurgery
logistic.client.util.inputvalidation.ValidationControl.showError;longmethod1
logistic.client.util.table.EditableTableFrame.createTableModel;longmethod1
logistic.client.util.table.TableSorter.getColumnClass;longmethod1
logistic.client.integrity.IntegrityCheckFrame.getSelectedCategories;longmethod1;shotgunsurgery
logistic.client.user.FoldersPermissionsPanel.findPositionInList;divergentchange
logistic.server.kernel.db.DBProcedureCall.getBoolean;longmethod1
logistic.server.scenariumservice.ScenariumInfoDB.makeScenariumInfo;longmethod1;divergentchange
logistic.server.kernel.db.DBProcedureCall.setInParameter;shotgunsurgery
logistic.client.scenarium.CommonScenariumFrame.buildScenariumActions;shotgunsurgery
logistic.server.loginservice.LoginService.getInstance;divergentchange
logistic.server.notificationservice.NotificationService.notifyUserObservers;longmethod1;shotgunsurgery;divergentchange
logistic.client.login.Client.getInstance;divergentchange
logistic.client.desktop.GenericFrame.cleanMessageArea;divergentchange
logistic.client.user.FoldersPermissionsPanel.addSelection;divergentchange
logistic.client.util.MultiLineLabel.drawString;longmethod1
logistic.client.util.table.MultiLineHeaderRenderer.setValue;shotgunsurgery
logistic.client.user.UserFormFrame.updateLoadedUser;shotgunsurgery
logistic.client.util.table.treetable.TreeTableModelAdapter.getColumnClass;longmethod1
logistic.logic.userservice.User.getId;divergentchange
logistic.server.scenariumservice.CommonScenariumServiceDB.updateScenariumProperties;longmethod1;shotgunsurgery;divergentchange
logistic.client.scenarium.ScenariumTreeModel.getFolderNode;longmethod1;divergentchange
logistic.server.integrityservice.GetIntegrityResultCall.getValidationResult;longmethod1;shotgunsurgery
logistic.logic.common.CacheUnavailableException.CacheUnavailableException;divergentchange
logistic.client.util.tree.FilteredTreeModel.getIndexOfChild;longmethod1;shotgunsurgery
logistic.server.scenariumservice.ScenaEditionManager.blockScena;divergentchange
logistic.client.util.inputvalidation.AbstractComponentDecorator.componentMoved;longmethod1
logistic.client.remote.ServerMonitor.run;longmethod1
logistic.logic.userservice.User.User;divergentchange
logistic.client.util.table.treetable.FileSystemModel2.getPathToRoot;longmethod1
logistic.server.notificationservice.NotificationService.notifyToAllUsers;longmethod1
logistic.server.userservice.UserServiceDB.getUser;longmethod1;shotgunsurgery
logistic.client.action.HelpAction.actionPerformed;longmethod1;shotgunsurgery
logistic.logic.productservice.ProductSet.getAllSingleProducts;shotgunsurgery
logistic.server.transactionservice.TransactionService.rollback;longmethod1
logistic.client.validation.ValidationFrame.createFrame;longmethod1;shotgunsurgery;divergentchange
logistic.client.notification.NotificationPanel.createMainPanel;longmethod1;shotgunsurgery;divergentchange
logistic.logic.scenariumservice.tree.ScenariumInfoTreeNode.compareTo;shotgunsurgery
logistic.server.transactionservice.TransactionService.executeQuery;longmethod1;shotgunsurgery
logistic.server.loginservice.LoginService.writeDBServerStatus;longmethod1
logistic.logic.common.DateUtil.getDaysInMonth;shotgunsurgery
logistic.server.logservice.LogService.init;longmethod1;shotgunsurgery;divergentchange
logistic.client.util.ClosableTab.createPanel;longmethod1
logistic.client.scenarium.ScenariumTreePathPanel.ScenariumTreePathPanel;shotgunsurgery
logistic.client.login.Client.createDesktop;longmethod1;shotgunsurgery
logistic.logic.scenariumservice.ScenariumInfo.hasEditPermission;divergentchange
logistic.client.util.inputvalidation.AbstractComponentDecorator.getComponent;divergentchange
logistic.client.desktop.LogsFrame.LogsFrame;shotgunsurgery
logistic.client.action.UserCreateAction.actionPerformed;longmethod1
logistic.client.aggregation.ComponentItemSelectionPanel.setElements;longmethod1
logistic.server.kernel.db.ServerDBConnection.printCurrentOpenCursors;longmethod1;shotgunsurgery
logistic.server.config.CommonScenariumServiceConfigurator.loadScenariumStatus;longmethod1
logistic.client.util.table.FilteredTableModel.filterRows;shotgunsurgery
logistic.server.kernel.db.ServerDBConnection.getTimeZone;longmethod1;shotgunsurgery
logistic.server.kernel.ServerLogManager.reset;longmethod1
logistic.client.util.logging.LogHandler.flush;longmethod1
logistic.client.desktop.GenericFrame.releaseBlocks;longmethod1;divergentchange
logistic.client.util.table.treetable.AbstractTreeTableModel.getColumnClass;longmethod1
logistic.client.scenarium.FolderAdminFrame.getInfoTree;shotgunsurgery
logistic.server.loginservice.LoginService.isLoggedUser;divergentchange
logistic.server.kernel.ServerAccessController.getUser;divergentchange
logistic.logic.scenariumservice.tree.ScenariumTreeNodeProperties.getColumnClass;longmethod1
logistic.access.kernel.ServiceEvent.getType;divergentchange
logistic.client.util.table.treetable.FileSystemModel2.alterTotalSize;longmethod1
logistic.server.notificationservice.NotificationServiceRemoteProxy.update;longmethod1;shotgunsurgery
logistic.client.util.inputvalidation.ValidationControl.Verifier;longmethod1
logistic.server.kernel.Service.notifyObservers;divergentchange
logistic.client.util.export.XLSUtils.setCellValue;longmethod1;shotgunsurgery;divergentchange
logistic.client.scenarium.ScenariumTreeTable.isCellEditable;longmethod1
logistic.client.util.table.treetable.TreeTableExample2.createTreeTable;shotgunsurgery
logistic.client.action.ScenariumCloseAction.close;longmethod1
logistic.client.aggregation.ComponentItemSelectionPanel.AggregationListModel;longmethod1
logistic.client.util.link.LabelLink.mouseEntered;longmethod1
logistic.client.util.inputvalidation.ValidationControl.setMarks;longmethod1
logistic.server.notificationservice.NotificationService.createCleanThread;longmethod1
logistic.client.scenarium.ScenariumTreeTable.getTableCellEditorComponent;longmethod1
logistic.server.routeservice.RouteServiceDB.getProxy;External_Addictor_per_Method
logistic.server.logservice.LogService.sendLogs;longmethod1;shotgunsurgery
logistic.server.transactionservice.TransactionService.executeUpdate;longmethod1
logistic.client.util.inputvalidation.AbstractComponentDecorator.key;longmethod1
logistic.client.admin.LoginManagementFrame.adjustNotification;shotgunsurgery
logistic.server.kernel.db.DBProcedureCall.getObject;longmethod1
logistic.client.util.FixedLengthTextField.remove;longmethod1
logistic.client.desktop.GenericFrame.addServiceListener;divergentchange
logistic.client.validation.ValidationFrame.getRowCount;longmethod1
logistic.client.login.LoginDialog.createLoginPanel;longmethod1;shotgunsurgery;divergentchange
logistic.client.util.FixedSizeFilter.replace;divergentchange
logistic.client.util.InputDialog.getMainPane;longmethod1;divergentchange
logistic.client.util.table.treetable.FileSystemModel2.getColumnClass;longmethod1
logistic.client.util.table.treetable.JTreeTable.getTableCellRendererComponent;longmethod1
logistic.client.util.InputDialog.buildMessagePane;shotgunsurgery
logistic.client.util.table.treetable.TreeTableExample2.treeCollapsed;longmethod1
logistic.client.aggregation.ComponentItemSelectionPanel.getElementAt;longmethod1
logistic.client.remote.RemoteTask.unlockWindow;divergentchange
logistic.logic.scenariumservice.ScenariumFolder.getId;divergentchange
logistic.client.action.NotificationSendAction.actionPerformed;longmethod1
logistic.server.kernel.db.DBProcedureCall.registerOutParameter;divergentchange
logistic.client.util.inputvalidation.ValidationControl.DependentComponents;longmethod1
logistic.server.integrityservice.IntegrityServiceDB.getRules;longmethod1;shotgunsurgery
logistic.server.kernel.RemoteServiceProxy.RemoteServiceProxy;longmethod1;shotgunsurgery;divergentchange
logistic.client.scenarium.ScenariumTreeTableModel.getValueAt;longmethod1;shotgunsurgery
logistic.client.util.ClosableTab.actionPerformed;longmethod1
logistic.client.util.table.treetable.JTreeTable.updateSelectedPathsFromSelectedRows;longmethod1
logistic.client.util.TreeSearchPanel.makeSearchField;longmethod1
logistic.client.aggregation.ComponentItemSelectionPanel.addElements;longmethod1
logistic.client.aggregation.ComponentItemSelectionPanel.makeSelectionButtonPanel;longmethod1;shotgunsurgery;divergentchange
logistic.logic.common.Code.toString;divergentchange
logistic.client.remote.ServerMonitor.ServerMonitor;longmethod1;shotgunsurgery
logistic.server.routeservice.CreateRouteCall.setProductSetInfo;shotgunsurgery
logistic.client.user.FoldersPermissionsPanel.adjustListSizes;divergentchange
logistic.logic.localeservice.PointSet.associateShipPointSet;longmethod1;shotgunsurgery;divergentchange
logistic.client.util.table.treetable.JTreeTable.JTreeTable;longmethod1;shotgunsurgery
logistic.client.util.ExpandablePanel.build;longmethod1;divergentchange
logistic.logic.common.ObjectCache.put;divergentchange
logistic.client.action.ScenariumAction.setScenariumInfo;divergentchange
logistic.client.scenarium.ScenariumTree.ScenariumTreeRenderer;longmethod1
logistic.client.util.inputvalidation.AbstractComponentDecorator.dispose;longmethod1;shotgunsurgery;divergentchange
logistic.client.integrity.IntegrityCheckFrame.configTable;longmethod1;shotgunsurgery
logistic.client.user.FoldersPermissionsPanel.buildPanel;longmethod1;divergentchange
logistic.client.util.error.ExceptionDialog.makeMainPanel;longmethod1
logistic.logic.userservice.FolderPermission.getFolderId;divergentchange
logistic.client.product.ProductTreeRenderer.getTreeCellRendererComponent;longmethod1;shotgunsurgery;divergentchange
logistic.client.action.SendErrorAction.getMessageBody;shotgunsurgery
logistic.server.notificationservice.NotificationService.getProxy;External_Addictor_per_Method
logistic.client.user.PermissionsPanel.buildPanel;divergentchange
logistic.client.remote.ServerMonitor.stop;longmethod1;shotgunsurgery
logistic.client.util.table.FilteredTableModel.filter;shotgunsurgery
logistic.client.aggregation.AggregationTreeComboBox.configureTree;longmethod1;shotgunsurgery
logistic.logic.productservice.SingleProduct.readResolve;shotgunsurgery
logistic.client.user.PermissionsPanel.makeTabbedPane;longmethod1;shotgunsurgery;divergentchange
logistic.client.util.tree.FilteredTreeModel.getChild;longmethod1
logistic.server.scenariumservice.ScenaEditionManager.getInstance;divergentchange
logistic.client.desktop.MainDesktop.setScenariumServiceListeners;longmethod1
logistic.server.notificationservice.NotificationService.notifyUser;longmethod1;shotgunsurgery;divergentchange
logistic.server.scenariumservice.CommonScenariumServiceDB.removeFolder;longmethod1;shotgunsurgery;divergentchange
logistic.client.admin.LoginManagementFrame.buildContentPanel;longmethod1;shotgunsurgery
logistic.client.util.table.treetable.TreeTableExample2.treeExpanded;longmethod1
logistic.client.util.chart.ChartLegendPanel.getPreferredSize;longmethod1
logistic.server.scenariumservice.ScenaEditionManager.unblockScena;divergentchange
logistic.client.scenarium.ScenariumValidationFrame.composeMessages;shotgunsurgery
logistic.client.report.ReportFrame.buildButtons;longmethod1;shotgunsurgery
logistic.client.util.table.TableSorter.TableSorter;shotgunsurgery
logistic.logic.localeservice.PointSet.PointSet;longmethod1;shotgunsurgery;divergentchange
logistic.client.remote.RemoteTask.handleException;longmethod1;shotgunsurgery
logistic.client.util.inputvalidation.ValidationDecorator.paint;longmethod1
logistic.client.util.inputvalidation.AbstractComponentDecorator.setDecoratedLayer;longmethod1
logistic.client.util.error.ExceptionDialog.equals;longmethod1
logistic.client.aggregation.ComponentItemUI.getIcon;External_Addictor_per_Method
logistic.server.kernel.Service.getProxy;External_Addictor_per_Method
logistic.server.kernel.db.DBProcedureCall.open;longmethod1;shotgunsurgery;divergentchange
logistic.client.util.inputvalidation.AbstractComponentDecorator.isBackgroundDecoration;longmethod1
logistic.client.util.export.XLSExporter.setColumnSizes;longmethod1
logistic.client.user.FoldersPermissionsPanel.addListSelectionListeners;longmethod1
logistic.client.util.table.MultiLineCellComparator.compare;longmethod1
logistic.client.util.FixedLengthTextArea.remove;longmethod1
logistic.client.desktop.MainDesktop.setScenariumTreeListener;longmethod1
logistic.client.desktop.LogsFrame.getMainPane;longmethod1;divergentchange
logistic.client.util.CalendarDateField.getDateFormatString;longmethod1
logistic.logic.productservice.ProductSet.copyFrom;shotgunsurgery;divergentchange
logistic.client.desktop.LogLevelFrame.getLevelDesc;longmethod1
logistic.client.util.table.treetable.TreeTableExample2.TreeTableExample2;longmethod1;shotgunsurgery
logistic.logic.common.tree.TreeNodeProperties.getColumnClass;longmethod1
logistic.client.action.PrintAction.actionPerformed;shotgunsurgery
logistic.client.util.table.TableSorter.SortableRenderer;longmethod1
logistic.client.desktop.LogLevelFrame.getDescriptionPanel;shotgunsurgery
logistic.client.util.inputvalidation.ValidationControl.getLabel;longmethod1
logistic.client.action.SendLogAction.actionPerformed;longmethod1
logistic.client.util.table.TableUtil.getTableCellRendererComponent;longmethod1
logistic.client.util.table.TableSorter.Arrow;longmethod1
logistic.client.util.text.EditFloatFormat.format;longmethod1;shotgunsurgery
logistic.client.util.tree.FilteredTreeModel.nodeChanged;longmethod1
logistic.logic.common.DateUtil.printTime;longmethod1
logistic.logic.common.DateUtil.getCurrentDate;shotgunsurgery
logistic.client.desktop.BasicDesktop.getDefaultHelpMenu;longmethod1;shotgunsurgery
logistic.client.util.UnitPanel.getUnitRadioButtons;longmethod1;shotgunsurgery;divergentchange
logistic.server.kernel.db.DBProcedureCall.getCode;longmethod1
logistic.logic.scenariumservice.ScenariumFolder.isApprovalFolder;divergentchange
logistic.client.login.Client.login;longmethod1;shotgunsurgery
logistic.client.util.error.ExceptionDialog.hasMoreElements;longmethod1
logistic.client.util.table.MultiLineTable.setUpTable;longmethod1;shotgunsurgery;divergentchange
logistic.client.validation.ValidationFrame.getValueAt;longmethod1
logistic.client.util.error.ExceptionDialog.getAllowsChildren;longmethod1
logistic.client.desktop.BasicDesktop.forceClose;shotgunsurgery
logistic.access.scenariumservice.ScenariumServiceProxy.reloadOpenedScena;shotgunsurgery
logistic.client.util.table.treetable.TreeTableExample2.updateStatusLabel;longmethod1;shotgunsurgery
logistic.client.util.table.treetable.JTreeTable.isCellEditable;longmethod1
logistic.client.util.inputvalidation.ValidationControl.configureEvents;longmethod1;shotgunsurgery
logistic.client.aggregation.AggregationTreeComboBox.getMouseListener;longmethod1
logistic.logic.localeservice.PointSet.readResolve;longmethod1;shotgunsurgery
logistic.client.scenarium.ScenariumRenameFrame.makePropertiesPanel;longmethod1;shotgunsurgery;divergentchange
logistic.server.routeservice.RouteServiceDB.removeRoute;longmethod1;shotgunsurgery;divergentchange
logistic.client.aggregation.AggregationTree.getSelectedObjects;shotgunsurgery
logistic.client.user.PermissionsPanel.setEnabled;divergentchange
logistic.logic.productservice.ProductSet.readResolve;longmethod1;shotgunsurgery
logistic.client.desktop.MainDesktop.configureActions;longmethod1;shotgunsurgery;divergentchange
logistic.client.aggregation.AggregationTreeComboBox.hide;longmethod1
logistic.client.action.ScenariumAction.getScenariumInfo;divergentchange
logistic.server.logservice.LogService.getProxy;External_Addictor_per_Method
logistic.client.scenarium.ScenariumTreeTable.TreeTableCellRenderer;longmethod1
logistic.client.login.Client.getUser;divergentchange
logistic.client.login.Client.logThrowable;longmethod1
logistic.client.action.ScenariumSaveAction.isScenaWriteable;shotgunsurgery
logistic.server.kernel.db.ServerDBConnection.verifyDbVersion;longmethod1;shotgunsurgery
logistic.server.kernel.lock.ReadWriteLock.WriteLock;longmethod1
logistic.client.util.error.ExceptionDialog.getThrowable;longmethod1
logistic.client.util.inputvalidation.AbstractComponentDecorator.propertyChange;longmethod1
logistic.client.desktop.GenericFrame.getGenericWindow;divergentchange
logistic.client.action.ScenariumSaveAction.ScenariumSaveAction;shotgunsurgery
logistic.client.util.table.treetable.JTreeTable.getTableCellEditorComponent;longmethod1
logistic.client.util.table.treetable.FileSystemModel2.getParent;longmethod1
logistic.client.report.ReportFrame.showWindow;longmethod1;shotgunsurgery;divergentchange
logistic.client.scenarium.ScenariumTreeTable.getSelectedScenariums;shotgunsurgery
logistic.client.login.ClientKernel.ClientKernel;shotgunsurgery
logistic.client.action.LoginManagementAction.enableLogin;longmethod1
logistic.client.integrity.IntegrityValidationResultFrame.buildFrame;longmethod1;divergentchange
logistic.client.util.table.treetable.FileSystemModel2.FileNodeLoader;longmethod1
logistic.server.transactionservice.TransactionService.beginTransaction;longmethod1;shotgunsurgery
logistic.client.desktop.MainDesktop.makeSortMenu;longmethod1;shotgunsurgery
logistic.logic.routeservice.RouteInfo.RouteProductData;longmethod1
logistic.client.desktop.MainDesktop.changeDesktop;longmethod1;shotgunsurgery;divergentchange
logistic.client.desktop.GenericFrame.setTitle;longmethod1;divergentchange
logistic.client.util.inputvalidation.ValidationControl.equals;longmethod1
logistic.logic.userservice.WriteFolderPermission.WriteFolderPermission;divergentchange
logistic.client.scenarium.ScenariumApproveFrame.keyReleased;longmethod1
logistic.server.transactionservice.TransactionService.commit;longmethod1
logistic.server.scenariumservice.SaveHistoryCall.execute;shotgunsurgery
logistic.server.loginservice.LoginService.readServerStatusProperties;longmethod1;shotgunsurgery;divergentchange
logistic.client.util.inputvalidation.AbstractComponentDecorator.hierarchyChanged;longmethod1
logistic.logic.scenariumservice.ScenariumInfo.getLastModificationDate;divergentchange
logistic.client.util.export.ExportDialog.exportToXls;longmethod1;shotgunsurgery
logistic.client.action.SendErrorAction.sendError;longmethod1
logistic.client.aggregation.AggregationTreeComboBox.getList;longmethod1
logistic.server.routeservice.RemoveRouteCall.handleException;shotgunsurgery
logistic.access.kernel.ServiceOperationReturn.ServiceOperationReturn;divergentchange
logistic.client.action.IntegrityCheckAction.execute;longmethod1
logistic.client.desktop.SendCurrentLogFrame.getMainPane;longmethod1;divergentchange
logistic.server.scenariumservice.CommonScenariumServiceDB.approveScenarium;longmethod1;shotgunsurgery;divergentchange
logistic.server.logservice.LogService.zipLogFiles;longmethod1;shotgunsurgery
logistic.client.scenarium.ScenariumTree.createScenariumServiceListener;longmethod1
logistic.client.user.FoldersPermissionsPanel.selectPermissions;longmethod1
logistic.client.desktop.LogLevelFrame.getLevelFor;longmethod1;divergentchange
logistic.client.scenarium.ScenariumValidationFrame.ScenariumValidationFrame;shotgunsurgery
logistic.server.kernel.db.DBProcedureCall.getInt;longmethod1
logistic.client.remote.ServerMonitor.login;longmethod1;shotgunsurgery;divergentchange
logistic.client.desktop.MainDesktop.updateTree;shotgunsurgery
logistic.client.util.UI.populateBasicGridPanel;longmethod1;divergentchange
logistic.client.validation.ValidationFrame.setValidationComplete;longmethod1;shotgunsurgery
logistic.server.kernel.db.ServerDBConnection.execute;longmethod1;divergentchange
logistic.client.desktop.GenericFrame.setVisible;divergentchange
logistic.client.admin.LoginManagementFrame.buildTablePanel;longmethod1;shotgunsurgery;divergentchange
logistic.client.util.inputvalidation.AbstractComponentDecorator.synch;longmethod1;shotgunsurgery;divergentchange
logistic.server.kernel.RemoteServiceProxy.notifyObservers;longmethod1
logistic.client.remote.ServerMonitor.initProxies;longmethod1
logistic.client.action.UserCreateAction.createUser;longmethod1
logistic.client.util.table.FloatEditor.FloatEditor;shotgunsurgery
logistic.server.transactionservice.TransactionManager.getCurrentTransaction;divergentchange
logistic.client.util.table.ColorRenderer.getTableCellRendererComponent;longmethod1;shotgunsurgery;divergentchange
logistic.logic.scenariumservice.ScenariumFolder.getRoot;divergentchange
logistic.client.util.CalendarDateField.getMaxSelectableDate;longmethod1
logistic.server.kernel.db.DBProcedureCall.getIterator;longmethod1
logistic.server.kernel.lock.ReadWriteLock.makeRelease;longmethod1
logistic.client.util.export.XLSExporter.write;divergentchange
logistic.client.util.UI.buildButtonPanel;longmethod1;divergentchange
logistic.client.util.table.BooleanTickRenderer.getTableCellRendererComponent;longmethod1;divergentchange
logistic.client.validation.ValidationFrame.getColumnCount;longmethod1
logistic.logic.localeservice.PointData.PointData;divergentchange
logistic.server.notificationservice.NotificationService.accessMailServer;longmethod1;shotgunsurgery;divergentchange
logistic.server.scenariumservice.CommonScenariumServiceDB.getProxy;External_Addictor_per_Method
logistic.client.validation.ValidationFrame.getColumnName;longmethod1
logistic.server.scenariumservice.CommonScenariumServiceDB.isScenariumNameValid;longmethod1;shotgunsurgery
logistic.client.remote.RemoteTask.construct;longmethod1;divergentchange
logistic.server.scenariumservice.CommonScenariumServiceDB.isFolderNameValid;longmethod1;shotgunsurgery
logistic.server.scenariumservice.ScenariumFolderDB.makeScenariumFolder;divergentchange
logistic.client.scenarium.ChoosePathDialog.buildFields;longmethod1;shotgunsurgery;divergentchange
logistic.client.action.UserUpdateAction.actionPerformed;longmethod1
logistic.client.desktop.GenericFrame.GenericFrame;longmethod1;shotgunsurgery;divergentchange
logistic.client.util.table.EditableCellRenderer.EditableCellRenderer;divergentchange
logistic.client.admin.LoginManagementFrame.updateAddresseeArea;longmethod1;shotgunsurgery;divergentchange
logistic.logic.productservice.SingleProduct.SingleProduct;shotgunsurgery;divergentchange
logistic.client.util.table.TableSorter.mouseClicked;longmethod1
logistic.client.util.table.treetable.TreeTableExample2.generateChangeEvent;longmethod1
logistic.client.util.MultiLineLabel.computeMultiLineDimension;longmethod1
logistic.client.aggregation.AggregationTree.buildTree;longmethod1;shotgunsurgery;divergentchange
logistic.server.loginservice.LoginService.logout;longmethod1;shotgunsurgery;divergentchange
logistic.client.action.LoginManagementAction.notifyUsers;longmethod1
logistic.client.util.table.EditableTableFrame.buildTable;longmethod1;shotgunsurgery;divergentchange
logistic.client.scenarium.ScenariumTreeTable.ScenariumTreeRenderer;longmethod1
logistic.client.util.error.ExceptionDialog.hashCode;longmethod1
logistic.client.util.table.treetable.FileSystemModel2.loadChildren;longmethod1
logistic.client.notification.NotificationFrame.NotificationFrame;shotgunsurgery
logistic.client.admin.LoginManagementFrame.buildNotificationPanel;longmethod1;shotgunsurgery;divergentchange
logistic.server.userservice.UserServiceDB.getUserPermissions;longmethod1;shotgunsurgery
logistic.client.util.DateList.toString;longmethod1
logistic.logic.scenariumservice.tree.ScenariumFolderTreeNode.getProperties;longmethod1;shotgunsurgery;divergentchange;External_Addictor_per_Method
logistic.client.util.FixedLengthTextArea.FixedLengthTextArea;divergentchange
logistic.client.validation.ValidationFrame.isCellEditable;longmethod1
logistic.server.productservice.ProductServiceConfigurator.makeUnitOfMeasureConfig;divergentchange;External_Addictor_per_Method
logistic.client.validation.ValidationFrame.getTableCellRendererComponent;longmethod1
logistic.client.aggregation.AggregationTreeComboBox.createPopup;longmethod1
logistic.access.scenariumservice.ScenariumServiceProxy.update;longmethod1;shotgunsurgery;divergentchange;External_Addictor_per_Method
logistic.server.userservice.UserServiceDB.getProxy;External_Addictor_per_Method
logistic.server.kernel.LogisticServer.shutdown;longmethod1
logistic.client.action.NotificationSendAction.sendMessage;longmethod1
logistic.client.login.ClientKernel.loadProperties;shotgunsurgery
logistic.client.desktop.GenericFrame.showWarning;divergentchange
logistic.client.scenarium.ScenariumTree.getIcon;longmethod1
logistic.client.util.inputvalidation.AbstractComponentDecorator.componentResized;longmethod1
logistic.client.scenarium.CommonScenariumFrame.buildScenariumMenu;longmethod1;shotgunsurgery
logistic.server.userservice.UserServiceDB.createUser;longmethod1;shotgunsurgery;divergentchange
logistic.client.util.inputvalidation.ValidationControl.validateOthers;longmethod1
logistic.client.util.chart.ChartLegendPanel.print;shotgunsurgery;divergentchange
logistic.server.loginservice.LoginService.Cleaner;longmethod1
logistic.client.user.FoldersPermissionsPanel.makeSelectionButtonPanel;longmethod1;shotgunsurgery;divergentchange
logistic.client.util.table.treetable.TreeTableExample2.setValue;longmethod1
logistic.server.notificationservice.NotificationService.init;longmethod1
logistic.client.util.inputvalidation.AbstractComponentDecorator.restoreChildren;longmethod1
logistic.client.util.table.MultiLineHeaderRenderer.getTableCellRendererComponent;longmethod1;shotgunsurgery;divergentchange
logistic.client.util.inputvalidation.AbstractComponentDecorator.hideChildren;longmethod1
logistic.client.util.UI.getPreferredRowHeight;shotgunsurgery
logistic.client.desktop.MainDesktop.notifyChangedScenas;longmethod1;shotgunsurgery
logistic.logic.scenariumservice.ScenariumInfo.isEditableBy;divergentchange
logistic.client.validation.ValidationFrame.getTableCellEditorComponent;longmethod1
logistic.server.transactionservice.TransactionService.rollBackToSavePoint;longmethod1
logistic.client.util.table.OriginalValueMouseListener.makeUndoPopup;longmethod1;shotgunsurgery;divergentchange
logistic.client.admin.LoginManagementFrame.buildServerStatusPanel;longmethod1;shotgunsurgery;divergentchange
logistic.client.util.inputvalidation.ValidationControl.validate;longmethod1
logistic.client.integrity.IntegrityValidationResultFrame.getColumnName;longmethod1
logistic.logic.routeservice.Route.addRouteArc;divergentchange
logistic.client.util.table.treetable.JTreeTable.valueChanged;longmethod1
logistic.client.desktop.LogsFrame.getLogTable;longmethod1;shotgunsurgery
logistic.client.notification.NotificationFrame.createServiceListener;longmethod1
logistic.client.user.UserTable.createTable;longmethod1
logistic.client.user.PermissionsPanel.PermissionsPanel;shotgunsurgery
logistic.client.scenarium.ScenariumTree.configureTree;shotgunsurgery
logistic.server.userservice.UserServiceDB.removeUser;longmethod1;shotgunsurgery
logistic.client.action.AlterLogLevelAction.actionPerformed;longmethod1
logistic.client.aggregation.AggregationTreeComboBox.mousePressed;longmethod1
logistic.logic.scenariumservice.ScenariumFolder.ScenariumFolder;divergentchange
logistic.client.util.table.treetable.TreeTableModelAdapter.TreeTableModelAdapter;longmethod1
logistic.client.util.table.treetable.MergeSort.merge;longmethod1
logistic.client.report.PrintConfigurationDialog.getFontRateField;longmethod1;shotgunsurgery
logistic.client.util.table.treetable.JTreeTable.setBounds;longmethod1
logistic.logic.productservice.ProductSet.getProduct;longmethod1
logistic.client.user.UserControlFrame.UserControlFrame;longmethod1;shotgunsurgery
logistic.client.util.ExpandablePanel.makeExpandButton;longmethod1
logistic.logic.scenariumservice.ScenariumFolder.hasPermission;shotgunsurgery
logistic.server.transactionservice.Transaction.getConnection;divergentchange
logistic.client.util.CalendarDateField.setMaxSelectableDate;longmethod1
logistic.logic.scenariumservice.ScenariumInfo.isAvailableForEditBy;divergentchange
logistic.client.util.ClosableTab.paintComponent;longmethod1
logistic.access.scenariumservice.ScenariumServiceProxy.openScenarium;longmethod1;shotgunsurgery
logistic.client.util.table.treetable.FileSystemModel2.lastModified;longmethod1
